,loan_id,married,self_employed,income,amount,property_area,loan_status
0,LP1003,Y,N,4583,128.4,Rural,N
1,LP1005,Y,Y,3000,66.0,City,Y
2,LP1008,N,N,6000,141.4,City,Y
3,LP1011,Y,Y,5417,267.4,City,Y
4,LP1013,Y,N,2333,95.3,City,Y
5,LP1014,Y,N,3036,158.2,Suburb,N
6,LP1018,Y,N,4006,168.6,City,Y
7,LP1020,Y,N,12841,349.3,Suburb,N
8,LP1024,Y,N,3200,70.3,City,Y
9,LP1027,Y,,2500,109.6,City,Y
10,LP1028,Y,N,3073,200.5,City,Y
11,LP1029,N,N,1853,114.1,Rural,N
12,LP1030,Y,N,1299,17.5,City,Y
13,LP1032,N,N,4950,125.2,City,Y
14,LP1034,N,N,3596,100.8,City,Y
15,LP1036,N,N,3510,76.9,City,N
16,LP1038,Y,N,4887,133.5,Rural,N
17,LP1041,Y,,2600,115.8,City,Y
18,LP1043,Y,N,7660,104.1,City,N
19,LP1046,Y,N,5955,315.5,City,Y
20,LP1047,Y,N,2600,116.1,Suburb,N
21,LP1050,Y,N,3365,112.4,Rural,N
22,LP1052,Y,,3717,151.1,Suburb,N
23,LP1066,Y,Y,9560,191.1,Suburb,Y
24,LP1068,Y,N,2799,122.6,Suburb,Y
25,LP1073,Y,N,4226,110.2,City,Y
26,LP1086,N,N,1442,35.1,City,N
27,LP1087,N,,3750,120.2,Suburb,Y
28,LP1091,Y,,4166,201.3,City,N
29,LP1095,N,N,3167,74.5,City,N
30,LP1097,N,Y,4692,106.2,Rural,N
31,LP1098,Y,N,3500,114.6,Suburb,Y
32,LP1100,N,N,12500,320.5,Rural,N
33,LP1109,Y,N,1828,100.5,City,N
34,LP1112,Y,N,3667,144.4,Suburb,Y
35,LP1114,N,N,4166,184.8,City,Y
36,LP1116,N,N,3748,110.6,Suburb,Y
37,LP1119,N,N,3600,80.2,City,N
38,LP1120,N,N,1800,47.7,City,Y
39,LP1123,Y,N,2400,76.0,City,Y
40,LP1131,Y,N,3941,134.5,Suburb,Y
41,LP1136,Y,Y,4695,96.9,City,Y
42,LP1137,N,N,3410,88.3,City,Y
43,LP1138,Y,N,5649,44.6,City,Y
44,LP1144,Y,N,5821,144.4,City,Y
45,LP1146,Y,N,2645,120.4,City,N
46,LP1151,N,N,4000,144.8,Suburb,Y
47,LP1155,Y,N,1928,100.5,Suburb,Y
48,LP1157,N,N,3086,121.0,Suburb,Y
49,LP1164,N,N,4230,112.5,Suburb,N
50,LP1179,Y,N,4616,134.1,City,N
51,LP1186,Y,Y,11500,286.4,City,N
52,LP1194,Y,N,2708,97.9,Suburb,Y
53,LP1195,Y,N,2132,96.4,Suburb,Y
54,LP1197,Y,N,3366,135.0,Rural,N
55,LP1198,Y,N,8080,180.2,City,Y
56,LP1199,Y,N,3357,144.1,City,Y
57,LP1205,Y,N,2500,121.0,City,Y
58,LP1206,Y,N,3029,100.0,City,Y
59,LP1207,Y,Y,2609,165.8,Rural,N
60,LP1213,Y,N,4945,,Rural,N
61,LP1222,N,N,4166,116.8,Suburb,N
62,LP1225,Y,N,5726,258.2,Suburb,N
63,LP1228,N,N,3200,126.3,City,N
64,LP1233,Y,N,10750,312.5,City,Y
65,LP1238,Y,Y,7100,125.4,City,Y
66,LP1241,N,N,4300,136.0,Suburb,N
67,LP1243,Y,N,3208,173.0,City,Y
68,LP1245,Y,Y,1875,97.4,Suburb,Y
69,LP1248,N,N,3500,81.5,Suburb,Y
70,LP1250,Y,N,4755,95.3,Suburb,N
71,LP1253,Y,Y,5266,187.3,Suburb,Y
72,LP1255,N,N,3750,113.4,City,N
73,LP1256,N,N,3750,176.8,City,N
74,LP1259,Y,Y,1000,110.7,City,N
75,LP1263,Y,N,3167,180.4,Suburb,N
76,LP1264,Y,Y,3333,130.0,Suburb,Y
77,LP1265,N,N,3846,111.8,Suburb,Y
78,LP1267,Y,N,1378,167.3,City,N
79,LP1273,Y,N,6000,265.6,Suburb,N
80,LP1275,Y,N,3988,50.0,City,Y
81,LP1279,N,N,2366,136.7,Suburb,Y
82,LP1280,Y,N,3333,99.4,Suburb,Y
83,LP1282,Y,N,2500,104.5,Suburb,Y
84,LP1289,N,N,8566,210.4,City,Y
85,LP1310,Y,N,5695,175.4,Suburb,Y
86,LP1316,Y,N,2958,131.6,Suburb,Y
87,LP1318,Y,N,6250,189.0,Suburb,Y
88,LP1319,Y,N,3273,81.1,City,Y
89,LP1322,N,N,4133,122.3,Suburb,Y
90,LP1325,N,N,3620,25.0,Suburb,Y
91,LP1326,N,,6782,,City,N
92,LP1327,Y,N,2484,137.7,Suburb,Y
93,LP1333,Y,N,1977,50.2,Suburb,Y
94,LP1334,Y,N,4188,115.4,Suburb,Y
95,LP1343,Y,N,1759,131.6,Suburb,Y
96,LP1345,Y,N,4288,133.7,City,Y
97,LP1349,N,N,4843,151.2,Suburb,Y
98,LP1367,Y,N,3052,100.9,City,Y
99,LP1369,Y,N,11417,225.8,City,Y
100,LP1370,N,,7333,120.1,Rural,N
101,LP1379,Y,N,3800,216.9,City,N
102,LP1384,Y,N,2071,94.7,Suburb,Y
103,LP1385,N,N,5316,136.8,City,Y
104,LP1387,Y,,2929,139.5,Suburb,Y
105,LP1391,Y,N,3572,152.2,Rural,N
106,LP1398,N,,5050,118.9,Suburb,Y
107,LP1401,Y,N,14583,185.6,Rural,Y
108,LP1404,Y,N,3167,154.3,Suburb,Y
109,LP1405,Y,N,2214,85.3,City,Y
110,LP1421,Y,N,5568,175.9,Rural,N
111,LP1422,N,N,10408,259.4,City,Y
112,LP1426,Y,N,5667,180.5,Rural,Y
113,LP1430,N,N,4166,44.6,Suburb,Y
114,LP1431,N,N,2137,137.8,Suburb,Y
115,LP1432,Y,N,2957,81.6,Suburb,Y
116,LP1439,Y,N,4300,194.2,Rural,Y
117,LP1443,N,N,3692,93.6,Rural,Y
118,LP1448,Y,N,23803,370.5,Rural,Y
119,LP1451,Y,Y,10513,160.5,City,N
120,LP1465,Y,N,6080,182.7,Rural,N
121,LP1469,N,Y,20166,650.2,City,Y
122,LP1473,N,N,2014,74.2,City,Y
123,LP1478,N,N,2718,70.1,Suburb,Y
124,LP1482,Y,Y,3459,25.3,Suburb,Y
125,LP1487,N,N,4895,102.0,Suburb,Y
126,LP1488,Y,N,4000,290.6,Suburb,N
127,LP1489,Y,N,4583,84.3,Rural,N
128,LP1491,Y,Y,3316,88.2,City,Y
129,LP1492,N,N,14999,242.1,Suburb,N
130,LP1493,Y,N,4200,129.3,Rural,N
131,LP1497,Y,N,5042,185.2,Rural,N
132,LP1498,N,N,5417,168.3,City,Y
133,LP1504,N,Y,6950,175.5,Suburb,Y
134,LP1507,Y,N,2698,122.5,Suburb,Y
135,LP1508,Y,N,11757,187.8,City,Y
136,LP1514,Y,N,2330,101.0,Suburb,Y
137,LP1516,Y,N,14866,70.0,City,Y
138,LP1518,Y,N,1538,30.2,City,Y
139,LP1519,N,N,10000,225.6,Rural,N
140,LP1520,Y,N,4860,125.2,Suburb,Y
141,LP1528,N,N,6277,118.9,Rural,N
142,LP1529,Y,Y,2577,152.2,Rural,Y
143,LP1531,N,N,9166,244.7,City,N
144,LP1532,Y,N,2281,113.7,Rural,N
145,LP1535,N,N,3254,50.8,City,Y
146,LP1536,Y,N,39999,600.0,Suburb,Y
147,LP1541,Y,N,6000,160.2,Rural,Y
148,LP1543,Y,N,9538,187.7,City,Y
149,LP1546,N,,2980,120.1,Rural,Y
150,LP1552,Y,N,4583,255.0,Suburb,Y
151,LP1560,Y,N,1863,98.4,Suburb,Y
152,LP1562,Y,N,7933,275.6,City,N
153,LP1565,Y,N,3089,121.1,Suburb,N
154,LP1570,Y,N,4167,158.1,Rural,Y
155,LP1572,Y,N,9323,75.0,City,Y
156,LP1574,Y,N,3707,182.4,Rural,Y
157,LP1577,Y,N,4583,112.7,Rural,N
158,LP1578,Y,N,2439,129.2,Rural,Y
159,LP1579,N,N,2237,63.9,Suburb,N
160,LP1580,Y,N,8000,200.4,Suburb,Y
161,LP1581,Y,,1820,95.6,Rural,Y
162,LP1585,Y,N,51763,700.3,City,Y
163,LP1586,Y,N,3522,81.6,Rural,N
164,LP1594,Y,N,5708,188.0,Suburb,Y
165,LP1603,Y,Y,4344,87.4,Suburb,N
166,LP1606,Y,N,3497,116.2,Rural,Y
167,LP1608,Y,N,2045,101.4,Rural,Y
168,LP1610,Y,N,5516,495.4,Suburb,N
169,LP1616,Y,N,3750,116.5,Suburb,Y
170,LP1630,N,N,2333,102.5,City,N
171,LP1633,Y,N,6400,180.0,City,N
172,LP1634,N,N,1916,67.2,Rural,N
173,LP1636,Y,N,4600,73.5,Suburb,Y
174,LP1637,Y,N,33846,260.7,Suburb,N
175,LP1639,Y,N,3625,108.8,Suburb,Y
176,LP1640,Y,Y,39147,120.8,Suburb,Y
177,LP1641,Y,Y,2178,66.5,Rural,N
178,LP1643,Y,N,2383,59.0,Rural,Y
179,LP1644,Y,Y,674,168.3,Rural,Y
180,LP1647,Y,N,9328,188.5,Rural,Y
181,LP1653,N,N,4885,48.7,Rural,Y
182,LP1656,N,N,12000,164.9,Suburb,N
183,LP1657,Y,N,6033,160.4,City,N
184,LP1658,N,N,3858,76.8,Suburb,Y
185,LP1664,N,N,4191,120.4,Rural,Y
186,LP1665,Y,N,3125,170.7,Suburb,N
187,LP1666,N,N,8333,187.0,Rural,Y
188,LP1669,N,N,1907,120.0,City,Y
189,LP1671,Y,N,3416,113.9,Suburb,Y
190,LP1673,N,Y,11000,83.1,City,N
191,LP1674,Y,N,2600,90.7,Suburb,Y
192,LP1677,N,N,4923,166.3,Suburb,Y
193,LP1682,Y,N,3992,,City,N
194,LP1688,Y,N,3500,135.4,City,Y
195,LP1691,Y,N,3917,124.9,Suburb,Y
196,LP1692,N,N,4408,120.6,Suburb,Y
197,LP1693,N,N,3244,80.9,City,Y
198,LP1698,N,N,3975,55.7,Rural,Y
199,LP1699,N,N,2479,59.5,City,Y
200,LP1702,N,N,3418,127.5,Suburb,N
201,LP1708,N,N,10000,214.2,Suburb,N
202,LP1711,Y,N,3430,128.0,Suburb,N
203,LP1713,Y,Y,7787,240.4,City,Y
204,LP1715,Y,Y,5703,130.6,Rural,Y
205,LP1716,Y,N,3173,137.9,City,Y
206,LP1720,Y,N,3850,100.7,Suburb,Y
207,LP1722,Y,N,150,135.8,Rural,N
208,LP1726,Y,N,3727,131.9,Suburb,Y
209,LP1732,Y,,5000,72.9,Suburb,N
210,LP1734,Y,N,4283,127.8,Suburb,Y
211,LP1736,Y,N,2221,60.1,City,N
212,LP1743,Y,N,4009,116.3,Suburb,Y
213,LP1744,N,N,2971,144.2,Suburb,Y
214,LP1749,Y,N,7578,175.9,Suburb,Y
215,LP1750,Y,N,6250,128.8,Suburb,Y
216,LP1751,Y,N,3250,170.3,Rural,N
217,LP1754,Y,Y,4735,138.6,City,N
218,LP1758,Y,N,6250,210.8,Suburb,Y
219,LP1761,N,Y,6400,200.8,Rural,Y
220,LP1765,Y,N,2491,104.2,Suburb,Y
221,LP1768,Y,,3716,42.7,Rural,Y
222,LP1770,N,N,3189,120.8,Rural,Y
223,LP1776,N,N,8333,280.0,Suburb,Y
224,LP1778,Y,N,3155,140.1,Suburb,Y
225,LP1784,Y,N,5500,170.4,Rural,Y
226,LP1786,Y,,5746,255.2,City,N
227,LP1788,N,Y,3463,122.9,City,Y
228,LP1790,N,N,3812,112.7,Rural,Y
229,LP1792,Y,N,3315,96.7,Suburb,Y
230,LP1798,Y,N,5819,120.8,Rural,Y
231,LP1800,Y,N,2510,140.3,City,N
232,LP1806,N,N,2965,155.2,City,Y
233,LP1807,Y,Y,6250,108.6,Rural,Y
234,LP1811,Y,N,3406,123.4,Suburb,Y
235,LP1813,N,Y,6050,120.9,City,N
236,LP1814,Y,N,9703,112.6,City,Y
237,LP1819,Y,N,6608,137.4,City,Y
238,LP1824,Y,N,2882,123.9,Suburb,Y
239,LP1825,Y,N,1809,90.4,City,Y
240,LP1835,Y,N,1668,201.2,Suburb,N
241,LP1836,N,N,3427,138.8,City,N
242,LP1841,N,Y,2583,104.5,Rural,Y
243,LP1843,Y,N,2661,279.3,Suburb,Y
244,LP1844,N,Y,16250,192.7,City,N
245,LP1846,N,N,3083,256.0,Rural,Y
246,LP1849,N,N,6045,115.2,Rural,N
247,LP1854,Y,N,5250,94.8,City,N
248,LP1859,Y,N,14683,304.8,Rural,N
249,LP1864,Y,N,4931,128.1,Suburb,N
250,LP1865,Y,N,6083,330.8,City,Y
251,LP1868,N,N,2060,134.5,Suburb,Y
252,LP1870,N,N,3481,155.1,Suburb,N
253,LP1871,N,N,7200,120.5,Rural,Y
254,LP1872,N,Y,5166,128.3,Suburb,Y
255,LP1875,N,N,4095,151.2,Rural,Y
256,LP1877,Y,N,4708,150.1,Suburb,Y
257,LP1882,Y,N,4333,160.2,City,Y
258,LP1883,N,,3418,135.4,Rural,N
259,LP1884,N,N,2876,90.6,City,Y
260,LP1888,N,N,3237,30.1,City,Y
261,LP1891,Y,N,11146,136.7,City,Y
262,LP1892,N,N,2833,126.1,Rural,Y
263,LP1894,Y,N,2620,150.2,Suburb,Y
264,LP1896,Y,N,3900,90.7,Suburb,Y
265,LP1900,Y,N,2750,115.9,Suburb,Y
266,LP1903,Y,N,3993,208.0,Suburb,Y
267,LP1904,Y,N,3103,80.7,City,Y
268,LP1907,Y,N,14583,436.5,Suburb,Y
269,LP1908,Y,N,4100,124.1,Rural,Y
270,LP1910,N,Y,4053,158.6,City,N
271,LP1914,Y,N,3927,112.2,Suburb,Y
272,LP1915,Y,N,2301,78.5,City,Y
273,LP1917,N,N,1811,54.6,City,Y
274,LP1922,Y,N,20667,,Rural,N
275,LP1924,N,N,3158,89.3,Rural,Y
276,LP1925,N,Y,2600,100.0,Suburb,N
277,LP1926,Y,N,3704,121.0,Rural,Y
278,LP1931,N,N,4124,115.8,Suburb,Y
279,LP1935,N,N,9508,187.7,Rural,Y
280,LP1936,Y,N,3075,139.7,Rural,Y
281,LP1938,Y,N,4400,127.9,Suburb,N
282,LP1940,Y,N,3153,135.0,City,Y
283,LP1945,N,N,5417,143.9,City,N
284,LP1947,Y,N,2383,172.6,Suburb,Y
285,LP1949,Y,,4416,110.1,City,Y
286,LP1953,Y,N,6875,200.6,Suburb,Y
287,LP1954,Y,N,4666,135.4,City,Y
288,LP1955,N,N,5000,151.2,Rural,N
289,LP1963,Y,N,2014,113.9,City,N
290,LP1964,Y,N,1800,93.8,City,N
291,LP1972,Y,N,2875,105.5,Suburb,Y
292,LP1974,N,N,5000,132.5,Rural,Y
293,LP1977,Y,N,1625,96.5,City,Y
294,LP1978,N,N,4000,140.3,Rural,Y
295,LP1990,N,N,2000,,City,N
296,LP1993,N,N,3762,135.4,Rural,Y
297,LP1994,N,N,2400,104.0,City,N
298,LP1996,N,N,20233,480.9,Rural,N
299,LP1998,Y,N,7667,185.0,Rural,Y
300,LP2002,N,N,2917,84.4,Suburb,Y
301,LP2004,N,N,2927,111.1,Suburb,Y
302,LP2006,N,N,2507,56.2,Rural,Y
303,LP2008,Y,Y,5746,144.9,Rural,Y
304,LP2024,Y,N,2473,159.4,Rural,N
305,LP2031,Y,N,3399,111.7,City,Y
306,LP2035,Y,N,3717,120.1,Suburb,Y
307,LP2036,Y,N,2058,88.3,City,Y
308,LP2043,N,N,3541,112.9,Suburb,Y
309,LP2050,Y,Y,10000,155.9,Rural,N
310,LP2051,Y,N,2400,115.3,Suburb,Y
311,LP2053,Y,N,4342,125.0,Suburb,Y
312,LP2055,N,N,3166,132.7,Rural,Y
313,LP2065,Y,N,15000,300.5,Rural,Y
314,LP2067,Y,Y,8666,376.4,Rural,N
315,LP2068,N,N,4917,130.3,Rural,Y
316,LP2082,Y,Y,5818,185.0,Suburb,Y
317,LP2086,Y,N,4333,110.7,City,N
318,LP2087,N,N,2500,67.5,City,Y
319,LP2097,N,N,4384,117.0,City,Y
320,LP2098,N,N,2935,98.2,Suburb,Y
321,LP2100,N,N,2833,71.9,City,Y
322,LP2101,Y,,63337,490.6,City,Y
323,LP2103,Y,Y,9833,182.4,City,Y
324,LP2106,Y,Y,5503,70.0,Suburb,Y
325,LP2110,Y,,5250,160.3,Rural,Y
326,LP2112,Y,Y,2500,176.3,Rural,Y
327,LP2113,N,N,1830,,City,N
328,LP2114,N,N,4160,71.3,Suburb,Y
329,LP2115,Y,N,2647,173.2,Rural,N
330,LP2116,N,N,2378,46.1,Rural,N
331,LP2119,Y,N,4554,158.1,City,Y
332,LP2126,Y,N,3173,74.5,Suburb,Y
333,LP2128,Y,,2583,125.1,Rural,Y
334,LP2129,Y,N,2499,160.9,Suburb,Y
335,LP2130,Y,N,3523,152.2,Rural,N
336,LP2131,Y,N,3083,126.5,City,Y
337,LP2137,Y,N,6333,259.4,Suburb,Y
338,LP2138,Y,N,2625,187.3,Rural,Y
339,LP2139,Y,N,9083,228.3,Suburb,Y
340,LP2140,N,N,8750,308.2,Rural,N
341,LP2141,Y,N,2666,95.3,Rural,Y
342,LP2142,Y,Y,5500,105.1,Rural,N
343,LP2143,Y,N,2423,130.7,Suburb,Y
344,LP2144,N,N,3813,116.6,City,Y
345,LP2149,Y,N,8333,165.3,Rural,Y
346,LP2151,Y,N,3875,67.9,City,N
347,LP2158,Y,N,3000,100.4,City,N
348,LP2160,Y,N,5167,200.6,Suburb,Y
349,LP2161,N,N,4723,81.5,Suburb,N
350,LP2170,Y,N,5000,236.3,Suburb,Y
351,LP2175,Y,N,4750,130.9,City,Y
352,LP2178,Y,N,3013,95.8,City,Y
353,LP2180,N,Y,6822,141.8,Rural,Y
354,LP2181,N,N,6216,134.0,Rural,N
355,LP2187,N,N,2500,96.0,Suburb,N
356,LP2188,N,N,5124,124.5,Rural,N
357,LP2190,Y,N,6325,175.9,Suburb,Y
358,LP2191,Y,N,19730,570.1,Rural,N
359,LP2194,N,Y,15759,55.2,Suburb,Y
360,LP2197,Y,N,5185,155.5,Suburb,Y
361,LP2201,Y,Y,9323,380.7,Rural,Y
362,LP2205,N,N,3062,111.3,City,N
363,LP2209,N,,2764,110.3,City,Y
364,LP2211,Y,N,4817,120.8,City,Y
365,LP2219,Y,N,8750,130.0,Rural,Y
366,LP2223,Y,N,4310,130.8,Suburb,Y
367,LP2224,N,N,3069,71.4,City,N
368,LP2225,Y,N,5391,130.6,City,Y
369,LP2226,Y,,3333,128.7,Suburb,Y
370,LP2229,N,N,5941,296.1,Suburb,Y
371,LP2231,N,N,6000,156.9,City,Y
372,LP2234,N,Y,7167,128.8,City,Y
373,LP2236,Y,N,4566,100.4,City,N
374,LP2237,N,,3667,113.2,City,Y
375,LP2239,N,N,2346,132.1,Suburb,Y
376,LP2243,Y,N,3010,,City,N
377,LP2244,Y,N,2333,136.7,City,Y
378,LP2250,Y,N,5488,125.8,Rural,Y
379,LP2255,N,N,9167,185.3,Rural,Y
380,LP2262,Y,N,9504,275.2,Rural,Y
381,LP2263,N,N,2453,100.3,City,Y
382,LP2265,Y,N,1993,114.0,Suburb,Y
383,LP2266,Y,N,3100,113.1,City,Y
384,LP2272,Y,N,3276,135.2,Suburb,Y
385,LP2277,N,N,3180,71.7,City,N
386,LP2281,Y,N,3033,95.1,City,Y
387,LP2284,N,N,3902,109.3,Rural,Y
388,LP2287,N,N,1500,103.8,Suburb,N
389,LP2288,Y,N,2889,45.3,City,N
390,LP2296,N,N,2755,65.6,Rural,N
391,LP2297,N,N,2500,103.6,Suburb,Y
392,LP2300,N,N,1963,53.3,Suburb,Y
393,LP2301,N,Y,7441,194.2,Rural,N
394,LP2305,N,N,4547,115.3,Suburb,Y
395,LP2308,Y,N,2167,115.9,City,Y
396,LP2314,N,N,2213,66.0,Rural,Y
397,LP2315,Y,N,8300,152.1,Suburb,N
398,LP2317,Y,N,81000,360.3,Rural,N
399,LP2318,N,Y,3867,62.2,Suburb,N
400,LP2319,Y,,6256,160.6,City,Y
401,LP2328,Y,N,6096,218.5,Rural,N
402,LP2332,Y,N,2253,110.5,Rural,Y
403,LP2335,Y,N,2149,178.3,Suburb,N
404,LP2337,N,N,2995,60.5,City,Y
405,LP2341,N,N,2600,160.8,City,N
406,LP2342,Y,Y,1600,239.8,City,N
407,LP2345,Y,N,1025,112.5,Rural,Y
408,LP2347,Y,N,3246,138.8,Suburb,Y
409,LP2348,Y,N,5829,138.0,Rural,Y
410,LP2357,N,N,2720,80.2,City,N
411,LP2361,Y,N,1820,100.7,City,Y
412,LP2362,Y,N,7250,110.4,City,N
413,LP2364,Y,N,14880,96.3,Suburb,Y
414,LP2366,Y,N,2666,121.6,Rural,Y
415,LP2367,N,N,4606,81.4,Rural,N
416,LP2368,Y,N,5935,133.9,Suburb,Y
417,LP2369,Y,N,2920,87.4,Rural,Y
418,LP2370,N,N,2717,60.8,City,Y
419,LP2377,N,Y,8624,150.6,Suburb,Y
420,LP2379,N,N,6500,105.9,Rural,N
421,LP2386,N,,12876,405.5,Suburb,Y
422,LP2387,Y,N,2425,144.0,Suburb,Y
423,LP2390,N,N,3750,100.6,City,Y
424,LP2398,N,N,1926,50.0,Suburb,Y
425,LP2403,N,Y,10416,187.7,City,N
426,LP2407,Y,Y,7142,138.9,Rural,Y
427,LP2408,N,N,3660,187.1,Suburb,Y
428,LP2409,Y,N,7901,181.0,Rural,Y
429,LP2418,N,N,4707,148.6,Suburb,Y
430,LP2422,N,N,37719,152.7,Suburb,Y
431,LP2424,Y,N,7333,175.2,Rural,Y
432,LP2429,Y,Y,3466,130.9,Rural,Y
433,LP2434,Y,N,4652,110.6,Rural,Y
434,LP2435,Y,,3539,55.5,Rural,N
435,LP2443,Y,N,3340,151.0,Rural,N
436,LP2444,N,Y,2769,190.6,Suburb,N
437,LP2446,Y,N,2309,125.5,Rural,N
438,LP2447,Y,N,1958,60.0,City,Y
439,LP2448,Y,N,3948,149.5,Rural,N
440,LP2449,Y,N,2483,90.7,Rural,Y
441,LP2453,N,Y,7085,84.4,Suburb,Y
442,LP2455,Y,N,3859,96.7,Suburb,Y
443,LP2459,Y,N,4301,118.6,City,Y
444,LP2467,Y,N,3708,173.2,City,N
445,LP2472,N,N,4354,136.5,Rural,Y
446,LP2473,Y,N,8334,160.5,Suburb,N
447,LP2478,Y,Y,2083,160.3,Suburb,Y
448,LP2484,Y,N,7740,128.7,City,Y
449,LP2487,Y,N,3015,153.1,Rural,Y
450,LP2489,N,,5191,132.4,Suburb,Y
451,LP2493,N,N,4166,98.4,Suburb,N
452,LP2494,N,N,6000,141.0,Rural,Y
453,LP2500,Y,N,2947,70.7,City,N
454,LP2501,Y,N,16692,110.6,Suburb,Y
455,LP2502,Y,,210,98.2,Suburb,Y
456,LP2505,Y,N,4000,120.4,City,N
457,LP2515,Y,Y,3450,162.4,Suburb,Y
458,LP2517,Y,N,2653,113.9,Rural,N
459,LP2519,Y,N,4691,100.5,Suburb,Y
460,LP2522,N,Y,2500,93.9,City,Y
461,LP2524,N,N,5532,162.7,Rural,Y
462,LP2527,Y,Y,16525,150.9,Rural,Y
463,LP2529,Y,N,6700,230.0,Suburb,Y
464,LP2530,Y,N,2873,132.9,Suburb,N
465,LP2531,Y,Y,16667,87.0,Suburb,Y
466,LP2533,Y,N,2947,,City,N
467,LP2534,N,N,4350,154.1,Rural,Y
468,LP2536,Y,N,3095,113.3,Rural,Y
469,LP2537,Y,N,2083,128.6,Suburb,Y
470,LP2541,Y,N,10833,234.5,Suburb,Y
471,LP2543,Y,N,8333,246.4,Suburb,Y
472,LP2544,Y,N,1958,131.9,Rural,Y
473,LP2545,N,N,3547,80.6,Rural,N
474,LP2547,Y,N,18333,500.9,City,N
475,LP2555,Y,Y,4583,160.6,Suburb,Y
476,LP2556,N,N,2435,75.2,City,N
477,LP2560,N,N,2699,97.0,Suburb,Y
478,LP2562,Y,N,5333,187.0,City,Y
479,LP2571,N,N,3691,110.4,Rural,Y
480,LP2582,N,Y,17263,225.8,Suburb,Y
481,LP2585,Y,N,3597,119.6,Rural,N
482,LP2586,Y,N,3326,105.2,Suburb,Y
483,LP2587,Y,N,2600,107.6,Rural,Y
484,LP2588,Y,N,4625,111.7,City,Y
485,LP2600,Y,Y,2895,95.6,Suburb,Y
486,LP2602,N,N,6283,209.5,Rural,N
487,LP2603,N,N,645,113.6,Rural,Y
488,LP2606,N,N,3159,100.7,Suburb,Y
489,LP2615,Y,N,4865,208.8,Suburb,Y
490,LP2618,Y,N,4050,138.1,Rural,N
491,LP2619,Y,N,3814,124.9,Suburb,Y
492,LP2622,Y,N,3510,243.4,Rural,Y
493,LP2624,Y,N,20833,480.7,City,Y
494,LP2625,N,N,3583,96.4,City,N
495,LP2626,Y,Y,2479,188.1,City,Y
496,LP2634,N,N,13262,40.7,City,Y
497,LP2637,N,N,3598,100.4,Rural,N
498,LP2640,Y,N,6065,250.6,Suburb,Y
499,LP2643,Y,N,3283,148.3,City,Y
500,LP2648,Y,N,2130,70.2,Suburb,N
501,LP2652,N,N,5815,311.3,Rural,N
502,LP2659,Y,N,3466,150.8,Rural,Y
503,LP2670,Y,N,2031,113.9,Suburb,Y
504,LP2682,Y,N,3074,124.0,Suburb,N
505,LP2683,N,N,4683,185.4,Suburb,N
506,LP2684,N,N,3400,95.8,Rural,N
507,LP2689,Y,N,2192,45.2,Suburb,Y
508,LP2690,N,N,2500,55.7,Suburb,Y
509,LP2692,Y,Y,5677,100.4,Rural,Y
510,LP2693,Y,Y,7948,480.8,Rural,Y
511,LP2697,N,N,4680,,Suburb,N
512,LP2699,Y,Y,17500,400.8,Rural,Y
513,LP2705,Y,N,3775,110.1,Suburb,Y
514,LP2706,Y,N,5285,161.8,Suburb,Y
515,LP2714,N,N,2679,94.4,Suburb,Y
516,LP2716,N,N,6783,130.1,Suburb,Y
517,LP2717,Y,N,1025,216.3,Rural,Y
518,LP2720,Y,N,4281,100.7,City,Y
519,LP2723,N,N,3588,110.4,Rural,N
520,LP2729,N,N,11250,196.2,Suburb,N
521,LP2731,N,Y,18165,125.2,City,Y
522,LP2732,N,,2550,126.7,Rural,Y
523,LP2734,Y,N,6133,324.6,City,Y
524,LP2738,N,N,3617,107.1,Suburb,Y
525,LP2739,Y,N,2917,66.8,Rural,N
526,LP2740,Y,N,6417,157.1,Rural,Y
527,LP2741,Y,N,4608,140.2,Suburb,Y
528,LP2743,N,N,2138,99.0,Suburb,N
529,LP2753,N,,3652,95.5,Suburb,Y
530,LP2755,Y,N,2239,128.9,City,Y
531,LP2757,Y,N,3017,102.9,Suburb,Y
532,LP2767,Y,N,2768,155.5,Rural,Y
533,LP2768,N,N,3358,80.1,Suburb,N
534,LP2772,N,N,2526,145.5,Rural,Y
535,LP2776,N,N,5000,103.3,Suburb,N
536,LP2777,Y,N,2785,110.3,Rural,Y
537,LP2778,Y,Y,6633,,Rural,N
538,LP2785,Y,N,3333,159.0,City,Y
539,LP2788,Y,N,2454,181.4,City,N
540,LP2789,Y,N,3593,132.0,Rural,N
541,LP2792,Y,N,5468,26.5,Suburb,Y
542,LP2794,N,N,2667,84.7,City,Y
543,LP2795,Y,Y,10139,260.8,Suburb,Y
544,LP2798,Y,N,3887,162.8,Suburb,Y
545,LP2804,Y,N,4180,182.7,Suburb,Y
546,LP2807,Y,N,3675,108.2,Suburb,Y
547,LP2813,Y,Y,19484,600.4,Suburb,Y
548,LP2820,Y,N,5923,211.5,Rural,Y
549,LP2821,N,Y,5800,132.1,Suburb,Y
550,LP2832,Y,N,8799,258.4,City,N
551,LP2833,Y,N,4467,120.1,Rural,Y
552,LP2836,N,N,3333,70.1,City,Y
553,LP2837,Y,N,3400,123.8,Rural,N
554,LP2840,N,N,2378,9.2,City,N
555,LP2841,Y,N,3166,104.5,City,N
556,LP2842,Y,N,3417,186.6,City,Y
557,LP2847,Y,N,5116,165.9,City,N
558,LP2855,Y,N,16666,275.3,City,Y
559,LP2862,Y,N,6125,187.2,Suburb,N
560,LP2863,Y,N,6406,150.9,Suburb,N
561,LP2868,Y,N,3159,108.3,City,Y
562,LP2872,Y,N,3087,136.3,Suburb,N
563,LP2874,N,N,3229,110.2,City,Y
564,LP2877,Y,N,1782,107.4,Rural,Y
565,LP2888,N,,3182,161.2,City,Y
566,LP2892,Y,N,6540,205.4,Suburb,Y
567,LP2893,N,N,1836,90.3,City,N
568,LP2894,Y,N,3166,36.6,Suburb,Y
569,LP2898,Y,N,1880,61.4,Rural,N
570,LP2911,Y,N,2787,146.7,Rural,N
571,LP2912,Y,N,4283,172.3,Rural,N
572,LP2916,Y,N,2297,104.3,City,Y
573,LP2917,N,N,2165,71.0,Suburb,Y
574,LP2925,N,N,4750,94.2,Suburb,Y
575,LP2926,Y,Y,2726,106.8,Suburb,N
576,LP2928,Y,N,3000,56.7,Suburb,Y
577,LP2931,Y,Y,6000,205.6,Suburb,N
578,LP2933,N,Y,9357,292.1,Suburb,Y
579,LP2936,Y,N,3859,142.0,Rural,Y
580,LP2938,Y,Y,16120,260.7,City,Y
581,LP2940,N,N,3833,110.1,Rural,Y
582,LP2941,Y,Y,6383,187.2,Rural,N
583,LP2943,N,N,2987,89.0,Suburb,N
584,LP2945,Y,Y,9963,181.0,Rural,Y
585,LP2948,Y,N,5780,192.9,City,Y
586,LP2949,N,,416,350.6,City,N
587,LP2950,Y,,2894,155.5,Rural,Y
588,LP2953,Y,N,5703,128.5,City,Y
589,LP2958,N,N,3676,172.3,Rural,Y
590,LP2959,Y,N,12000,497.0,Suburb,Y
591,LP2960,Y,N,2400,,City,N
592,LP2961,Y,N,3400,174.0,Suburb,Y
593,LP2964,Y,N,3987,157.3,Rural,Y
594,LP2974,Y,N,3232,108.6,Rural,Y
595,LP2979,Y,N,4106,40.7,Rural,Y
596,LP2983,Y,N,8072,253.4,City,Y
597,LP2984,Y,N,7583,187.6,City,Y
598,LP2990,N,Y,4583,133.2,Suburb,N
